source,target
AWP 2A,AWP 2B
ANTH 196A,ANTH 196B
ANTH 196A,ANTH 196C
ANAR 153,ANAR 160
ANTH 3,ANAR 167
ANBI 140,ANBI 112
BILD 1,ANBI 134
ANBI 131,ANBI 149
ANBI 135,ANBI 149
ANBI 134,ANBI 149
ANBI 130,ANBI 149
ANSC 144,ANSC 144
ANSC 148,ANSC 155
ANTH 101,ANSC 155
ANSC 123,ANSC 155
ANSC 146,ANSC 190GS
ANSC 147,ANSC 190GS
ANSC 148,ANSC 190GS
ANTH 103,ANSC 190GS
ANSC 121,ANSC 190GS
ANSC 101,ANSC 190GS
ANSC 164,ANSC 190GS
ANSC 173,ANSC 190GS
ANSC 155,ANSC 190GS
ANTH 1,ANSC 191GS
ANSC 148,ANSC 191GS
ANTH 23,ANSC 191GS
ANTH 103,ANSC 191GS
ANSC 121,ANSC 191GS
ANTH 21,ANSC 191GS
ANSC 164,ANSC 191GS
ANSC 155,ANSC 191GS
AUD 255,AUD 256
BICD 100,BNFO 286
MATH 283,BNFO 286
FMPH 221,BNFO 286
BGGN 223,BNFO 286
MATH 281A,BNFO 286
MATH 281C,BNFO 286
FMPH 222,BNFO 286
BIOM 252,BNFO 286
BILD 2,BILD 60
BILD 1,BILD 60
BIBC 100,BIBC 100
BENG 120,BIBC 100
CHEM 40A,BIBC 100
CHEM 40B,BIBC 100
BIBC 102,BIBC 102
BENG 120,BIBC 102
CHEM 40A,BIBC 102
CHEM 40B,BIBC 102
CHEM 108,BIBC 103
BIBC 103,BIBC 103
BILD 1,BIBC 103
BIBC 102,BIBC 120
BIBC 100,BIBC 151
BIBC 102,BIBC 151
CHEM 114A,BIBC 151
BIBC 100,BIBC 194
BIBC 102,BIBC 194
CHEM 114A,BIBC 194
BILD 1,BICD 100
BICD 100,BICD 102
BILD 2,BICD 104
BIBC 100,BICD 110
BIBC 102,BICD 110
CHEM 114A,BICD 110
BIBC 100,BICD 130
BICD 100,BICD 130
BIBC 102,BICD 130
CHEM 114A,BICD 130
BILD 2,BICD 136
BILD 1,BICD 136
BIBC 100,BICD 140
BICD 100,BICD 140
BIMM 100,BICD 140
BICD 100,BICD 156
MATH 10A,BICD 156
BIEB 100,BIEB 100
BILD 3,BIEB 100
MATH 10A,BIEB 100
MATH 10B,BIEB 100
BILD 3,BIEB 102
BIEB 100,BIEB 121
MATH 11,BIEB 121
BILD 1,BIEB 123
BIEB 100,BIEB 131
BILD 3,BIEB 131
BILD 3,BIEB 134
BIEB 134,BIEB 134
BIEB 100,BIEB 143
BILD 1,BIEB 146
BILD 3,BIEB 150
BILD 1,BIEB 150
BILD 1,BIEB 154
BILD 3,BIEB 166
BIEB 166,BIEB 167
BIEB 102,BIEB 167
CHEM 40A,BIMM 100
BILD 4,BIMM 100
CHEM 40B,BIMM 100
BENG 120,BIMM 100
CHEM 40AH,BIMM 100
BILD 1,BIMM 100
BILD 70,BIMM 100
BIMM 101,BIMM 100
BIBC 103,BIMM 100
BICD 100,BIMM 110
CHEM 114A,BIMM 110
BIBC 100,BIMM 110
BIBC 102,BIMM 110
CHEM 114B,BIMM 110
BIMM 100,BIMM 110
PSYC 2,BIMM 116
BILD 1,BIMM 116
BIBC 100,BIMM 118
BIBC 102,BIMM 118
CHEM 114A,BIMM 118
BIPN 100,BIMM 118
BILD 3,BIMM 120
CHEM 114A,BIMM 120
BIBC 100,BIMM 120
BIBC 102,BIMM 120
CHEM 114B,BIMM 120
BIBC 100,BIMM 124
BIBC 102,BIMM 124
CHEM 114A,BIMM 124
BIBC 100,BIMM 130
BIBC 102,BIMM 130
CHEM 114A,BIMM 130
BILD 1,BIMM 134
BIEB 123,BIMM 143
BILD 4,BIMM 143
BILD 1,BIMM 143
BILD 1,BIMM 149
BIBC 100,BIMM 162
CHEM 114A,BIMM 162
BICD 100,BIMM 172
BILD 4,BIMM 174
BILD 1,BIMM 174
BIMM 181,BIMM 181
CSE 101,BIMM 181
SE 181,BIMM 181
CSE 181,BIMM 181
CSE 100,BIMM 181
CHEM 114C,BIMM 181
BIMM 100,BIMM 181
CSE 182,BIMM 182
SE 182,BIMM 182
CSE 100,BIMM 182
SE 182,BIMM 184
BIMM 182,BIMM 184
BIMM 181,BIMM 184
SE 181,BIMM 184
CSE 181,BIMM 184
CSE 182,BIMM 184
BENG 183,BIMM 185
SE 182,BIMM 185
BIMM 182,BIMM 185
BIMM 181,BIMM 185
SE 184,BIMM 185
SE 181,BIMM 185
BIMM 184,BIMM 185
CSE 181,BIMM 185
CSE 184,BIMM 185
CSE 182,BIMM 185
BILD 1,BIPN 100
BILD 3,BIPN 106
BILD 2,BIPN 106
CHEM 6A,BIPN 106
BIBC 102,BIPN 108
BIPN 100,BIPN 108
BILD 1,BIPN 140
BIPN 100,BIPN 142
BILD 2,BIPN 145
BILD 4,BIPN 145
MATH 20A,BIPN 146
MATH 10A,BIPN 146
MATH 10B,BIPN 146
BILD 2,BIPN 146
MATH 20B,BIPN 146
MATH 20A,BIPN 147
MATH 10A,BIPN 147
MATH 10B,BIPN 147
BILD 2,BIPN 147
MATH 20B,BIPN 147
BICD 100,BIPN 150
BIBC 102,BIPN 150
BILD 1,BIPN 160
BIPN 100,BIPN 162
MATH 11,BIPN 162
PSYC 102,BIPN 189
BILD 2,BIPN 189
BIPN 100,BIPN 194
BILD 1,BISP 170
BISP 193,BISP 193
BICD 100,BISP 194
BISP 198,BISP 198
BGGN 206A,BGGN 206B
BIOM 252,BGGN 237
BIOM 272,BGGN 237
BGGN 223,BGGN 237
BILD 1,BGGN 266
BIOM 200A,BIOM 226
BIOM 200A,BIOM 252
BIOM 200A,BIOM 253
BIOM 200A,BIOM 254
BIOM 200A,BIOM 255
BIOM 252,BIOM 262
BIOM 272,BIOM 262
BGGN 223,BIOM 262
BIBC 100,BIOM 266
BIBC 102,BIOM 266
CHEM 6A,CHEM 6B
MATH 10A,CHEM 6B
MATH 10B,CHEM 6B
CHEM 6AH,CHEM 6BH
MATH 20A,CHEM 6BH
CHEM 6B,CHEM 6C
MATH 10B,CHEM 6C
CHEM 6BH,CHEM 6CH
CHEM 6B,CHEM 7L
CHEM 6BH,CHEM 7LM
CHEM 6B,CHEM 7LM
CHEM 11,CHEM 12
CHEM 6B,CHEM 40A
CHEM 6C,CHEM 40AH
CHEM 40A,CHEM 40B
CHEM 40A,CHEM 40BH
CHEM 40B,CHEM 40C
CHEM 40B,CHEM 40CH
CHEM 40BH,CHEM 40CH
CHEM 7L,CHEM 43A
CHEM 40A,CHEM 43AM
CHEM 7L,CHEM 43AM
PHYS 2CL,CHEM 100A
CHEM 6C,CHEM 100A
PHYS 2BL,CHEM 100B
CHEM 100A,CHEM 100B
PHYS 2C,CHEM 100B
PHYS 2BL,CHEM 105A
CHEM 43A,CHEM 108
CHEM 43A,CHEM 109
CHEM 6C,CHEM 111
CHEM 40C,CHEM 113
CHEM 40A,CHEM 114A
CHEM 40B,CHEM 114B
CHEM 114A,CHEM 114C
CHEM 114A,CHEM 114D
CHEM 40C,CHEM 116
CHEM 114A,CHEM 116
CHEM 40C,CHEM 119
CHEM 114C,CHEM 119
BIMM 100,CHEM 119
CHEM 40A,CHEM 120A
CHEM 6C,CHEM 120A
CHEM 120A,CHEM 123
CHEM 114A,CHEM 125
MATH 10C,CHEM 126A
PHYS 1C,CHEM 126A
CHEM 6C,CHEM 126A
CHEM 126A,CHEM 126B
CHEM 6C,CHEM 130
PHYS 2C,CHEM 130
MATH 20C,CHEM 131
CHEM 6C,CHEM 131
PHYS 2C,CHEM 131
CHEM 130,CHEM 132
CHEM 6C,CHEM 134
CHEM 40A,CHEM 141
BIBC 100,CHEM 142
CHEM 40B,CHEM 142
BILD 1,CHEM 142
CHEM 43A,CHEM 143B
CHEM 40B,CHEM 143B
CHEM 43A,CHEM 143C
CHEM 40B,CHEM 143C
CHEM 40C,CHEM 143D
CHEM 40B,CHEM 145
CHEM 40C,CHEM 146
CHEM 40A,CHEM 151
CHEM 40C,CHEM 152
CHEM 40C,CHEM 154
CHEM 152,CHEM 155
CHEM 40C,CHEM 156
CHEM 40C,CHEM 157
CHEM 40C,CHEM 158
CHEM 114A,CHEM 164
BIBC 100,CHEM 164
BIBC 102,CHEM 164
CHEM 114B,CHEM 164
BIMM 100,CHEM 164
CHEM 114A,CHEM 165
CHEM 40C,CHEM 167
CHEM 40C,CHEM 168
CHEM 6C,CHEM 171
CHEM 6C,CHEM 172
CHEM 6C,CHEM 173
CHEM 6C,CHEM 174
SE 182,CHEM 184
BIMM 182,CHEM 184
BIMM 181,CHEM 184
SE 181,CHEM 184
CSE 181,CHEM 184
CSE 182,CHEM 184
MATH 20C,CHEM 185
MATH 20C,CHEM 186
CHEM 126B,CHEM 186
CHEM 130,CHEM 186
CHEM 6C,CHEM 187
CHEM 96,CHEM 187
CHEM 187,CHEM 188
CHEM 6C,CHEM 188
CHEM 199,CHEM 199
CHEM 114A,CHEM 219A
CHEM 230A,CHEM 230B
CHEM 232A,CHEM 232B
CHEM 252,CHEM 255
CHIN 10AN,CHIN 10BN
CHIN 10BN,CHIN 10CN
CHIN 10BM,CHIN 10CM
CHIN 10BD,CHIN 10CD
CHIN 10CN,CHIN 20AN
CHIN 10CM,CHIN 20AM
CHIN 10CD,CHIN 20AD
CHIN 20AN,CHIN 20BN
CHIN 20AM,CHIN 20BM
CHIN 20AD,CHIN 20BD
CHIN 20BN,CHIN 20CN
CHIN 20BM,CHIN 20CM
CHIN 20BD,CHIN 20CD
CHIN 20CN,CHIN 100AN
CHIN 20CD,CHIN 100AM
CHIN 20CM,CHIN 100AM
CHIN 100AN,CHIN 100BN
CHIN 100AM,CHIN 100BM
CHIN 100BN,CHIN 100CN
CHIN 100BM,CHIN 100CM
CHIN 100CM,CHIN 165A
CHIN 100CN,CHIN 165A
CHIN 165A,CHIN 165B
CHIN 165B,CHIN 165C
CHIN 169A,CHIN 169B
CHIN 182A,CHIN 182B
CHIN 182B,CHIN 182C
CHIN 100CM,CHIN 185A-B-C
CHIN 100CN,CHIN 185A-B-C
CHIN 100CM,CHIN 186A-B-C
CHIN 100CN,CHIN 186A-B-C
CCS 102,CCS 197
CCS 101,CCS 197
CCS 102,CCS 199
CCS 101,CCS 199
SIOC 217A,SIOC 217B
SIOC 217A,SIOC 217C
SIOC 217B,SIOC 217C
SIOC 217C,SIOC 217D
SIOC 217A,SIOC 217D
SIOC 217B,SIOC 217D
CLIN 227A,CLIN 227B
CLRE 236,CLRE 238
CLRE 238,CLRE 239
CLRE 253,CLRE 265
CLRE 253,CLRE 267
CLRE 254,CLRE 267
CLRE 250,CLRE 270
CLRE 251,CLRE 270
CLRE 295A,CLRE 295B
CLRE 295A,CLRE 297
COGS 1,COGS 100
COGS 1,COGS 101B
COGS 1,COGS 101C
COGS 1,COGS 102A
COGS 1,COGS 107A
COGS 107B,COGS 107C
CSE 11,COGS 108
CSE 8A,COGS 108
DSC 10,COGS 108
COGS 18,COGS 108
CSE 8A,COGS 109
SE 7,COGS 109
MATH 31AH,COGS 109
COGS 18,COGS 109
MATH 18,COGS 109
COGS 14B,COGS 109
COGS 1,COGS 110
COGS 17,COGS 115
COGS 107B,COGS 115
COGS 107A,COGS 115
BILD 12,COGS 115
BILD 10,COGS 115
CSE 11,COGS 118A
CSE 158,COGS 118A
MATH 180A,COGS 118A
COGS 109,COGS 118A
MATH 31AH,COGS 118A
COGS 18,COGS 118A
COGS 108,COGS 118A
COGS 118B,COGS 118A
MATH 18,COGS 118A
ECE 174,COGS 118A
MATH 20E,COGS 118A
ECE 175A,COGS 118A
SE 150,COGS 118A
CSE 8B,COGS 118A
CSE 11,COGS 118B
MATH 180A,COGS 118B
MATH 31AH,COGS 118B
MATH 18,COGS 118B
MATH 20E,COGS 118B
CSE 8B,COGS 118B
MATH 31AH,COGS 118C
PSYC 60,COGS 118C
COGS 108,COGS 118C
MATH 18,COGS 118C
COGS 14B,COGS 118C
MATH 180A,COGS 118D
COGS 109,COGS 118D
MATH 31AH,COGS 118D
COGS 108,COGS 118D
MATH 18,COGS 118D
MATH 18,COGS 119
MATH 31AH,COGS 119
COGS 14B,COGS 119
CSE 11,COGS 120
DSC 30,COGS 120
COGS 1,COGS 120
CSE 8B,COGS 120
COGS 187A,COGS 120
CSE 11,COGS 121
CSE 170,COGS 121
COGS 120,COGS 121
COGS 18,COGS 121
CSE 8B,COGS 121
DSGN 100,COGS 122
COGS 120,COGS 122
COGS 187B,COGS 122
COGS 187A,COGS 122
COGS 187B,COGS 123
COGS 120,COGS 123
COGS 102C,COGS 123
COGS 187A,COGS 123
COGS 120,COGS 124
CSE 11,COGS 125
COGS 120,COGS 125
COGS 120,COGS 126
COGS 121,COGS 126
DSC 30,COGS 127
CSE 11,COGS 127
COGS 1,COGS 127
COGS 18,COGS 127
CSE 8B,COGS 127
COGS 187A,COGS 127
DSGN 1,COGS 128
COGS 10,COGS 128
COGS 18,COGS 138
COGS 14A,COGS 144
PHIL 1,COGS 152
PSYC 1,COGS 152
COGS 1,COGS 152
COGS 101A,COGS 157
COGS 101B,COGS 157
COGS 107C,COGS 165
COGS 107B,COGS 165
PSYC 106,COGS 165
COGS 1,COGS 169
COGS 17,COGS 170
COGS 101A,COGS 175
COGS 107A,COGS 178
COGS 107A,COGS 179
COGS 17,COGS 180
COGS 109,COGS 180
CSE 150A,COGS 180
COGS 108,COGS 180
MATH 18,COGS 180
BILD 12,COGS 180
MATH 20B,COGS 180
CSE 11,COGS 181
CSE 158,COGS 181
MATH 180A,COGS 181
MATH 31AH,COGS 181
COGS 18,COGS 181
COGS 118B,COGS 181
SE 151A,COGS 181
MATH 18,COGS 181
ECE 174,COGS 181
MATH 20E,COGS 181
COGS 118A,COGS 181
CSE 151A,COGS 181
SE 150,COGS 181
CSE 8B,COGS 181
COGS 107B,COGS 184
COGS 107C,COGS 184
COGS 17,COGS 184
COGS 107A,COGS 184
COGS 118A,COGS 185
COGS 188,COGS 185
CSE 11,COGS 187A
CSE 8A,COGS 187A
COGS 18,COGS 187A
COGS 10,COGS 187A
COGS 187A,COGS 187B
COGS 118A,COGS 188
COGS 109,COGS 188
COGS 118A,COGS 189
COGS 109,COGS 189
COGS 108,COGS 189
COGS 190A,COGS 190B
COGS 190B,COGS 190C
COGS 101A,COGS 279
PSYC 106,COGS 279
COGS 107A,COGS 279
COMM 10,COMM 190
COMM 100A,COMM 190
COMM 10,COMM 101A
COMM 10,COMM 101D
COMM 10,COMM 101E
COMM 10,COMM 101K
COMM 10,COMM 101N
VIS 70N,COMM 101T
COMM 101,COMM 101T
COMM 10,COMM 102M
COMM 101,COMM 102M
COMM 10,COMM 102P
COMM 101,COMM 102P
COMM 10,COMM 102T
COMM 101,COMM 102T
SOCI 1,COMM 109N
COMM 10,COMM 112C
COMM 10,COMM 114C
COMM 10,COMM 114F
DOC 2,COMM 114F
COMM 10,COMM 120I
COMM 100A,COMM 120I
COMM 10,COMM 120M
COMM 100A,COMM 120M
COMM 10,COMM 120N
COMM 100A,COMM 120N
COMM 10,COMM 120P
COMM 100A,COMM 120P
COMM 10,COMM 120W
COMM 100A,COMM 120W
COMM 10,COMM 124A
ESYS 10,COMM 124A
COGS 1,COMM 124A
COMM 10,COMM 126
COMM 100A,COMM 126
COMM 10,COMM 127
COMM 100A,COMM 127
COMM 10,COMM 129
COMM 100A,COMM 129
COMM 10,COMM 131
COMM 100A,COMM 131
COMM 10,COMM 132
COMM 100A,COMM 132
COMM 10,COMM 133
COMM 100A,COMM 133
COMM 10,COMM 134
COMM 100A,COMM 134
COMM 10,COMM 135
COMM 100A,COMM 135
COMM 10,COMM 136
COMM 100A,COMM 136
COMM 10,COMM 137
COMM 100A,COMM 137
COMM 10,COMM 138
COMM 100A,COMM 138
COMM 10,COMM 140
COMM 100A,COMM 140
COMM 10,COMM 143
COMM 100A,COMM 143
COMM 10,COMM 144
COMM 100A,COMM 144
COMM 10,COMM 145
COMM 100A,COMM 145
COMM 10,COMM 146
COMM 100A,COMM 146
COMM 10,COMM 151
COMM 100A,COMM 151
COMM 10,COMM 153
COMM 100A,COMM 153
COMM 10,COMM 155
COMM 100A,COMM 155
COMM 10,COMM 156
COMM 100A,COMM 156
COMM 10,COMM 158
COMM 100A,COMM 158
COMM 10,COMM 159
COMM 100A,COMM 159
COMM 10,COMM 160
COMM 100A,COMM 160
COMM 10,COMM 162
COMM 100A,COMM 162
COMM 10,COMM 163
COMM 100A,COMM 163
COMM 10,COMM 164
COMM 100A,COMM 164
COMM 10,COMM 166
COMM 100A,COMM 166
COMM 10,COMM 168
COMM 100A,COMM 168
COMM 10,COMM 170
COMM 100A,COMM 170
COMM 10,COMM 171
COMM 100A,COMM 171
COMM 10,COMM 172
COMM 100A,COMM 172
COMM 10,COMM 173
COMM 100A,COMM 173
COMM 10,COMM 174
COMM 100A,COMM 174
COMM 10,COMM 175
COMM 100A,COMM 175
COMM 10,COMM 176
COMM 100A,COMM 176
COMM 10,COMM 177
COMM 100A,COMM 177
COMM 10,COMM 180
COMM 100A,COMM 180
COMM 10,COMM 181
COMM 100A,COMM 181
COMM 10,COMM 182
COMM 100A,COMM 182
COMM 10,COMM 183
COMM 100A,COMM 183
COMM 10,COMM 184
COMM 100A,COMM 184
SOCG 255A,COGR 225D
COGR 225A,COGR 225D
HIGR 238,COGR 225D
CONT 150A,CONT 150B
CGS 2A,CGS 100A
CGS 2A,CGS 100B
CGS 2A,CGS 121
CGS 2A,CGS 122
CGS 2A,CGS 123
CGS 2A,CGS 124
CGS 2B,CGS 125
CGS 2A,CGS 125
CGS 2A,CGS 126
ETHN 1,CGS 137
CGS 137,CGS 137
CGS 2A,CGS 137
ETHN 1,CGS 147
CGS 2A,CGS 147
ETHN 1,CGS 150
CGS 2A,CGS 150
ETHN 1,CGS 165
CGS 2A,CGS 165
ETHN 1,CGS 187
CGS 2A,CGS 187
CAT 1,CAT 2
CAT 1,CAT 125
CAT 1,CAT 197
CAT 1,CAT 198
CAT 1,CAT 199
MATH 31AH,DSC 40A
MATH 31BH,DSC 40A
MATH 18,DSC 40A
DSC 10,DSC 40A
MATH 20C,DSC 40A
DSC 20,DSC 40B
DSC 30,DSC 80
DSC 10,DSC 90
DSC 95,DSC 95
DSC 10,DSC 95
MATH 31AH,DSC 97
MATH 31BH,DSC 97
DSC 20,DSC 97
MATH 18,DSC 97
MATH 20C,DSC 97
DSC 40A,DSC 97
MATH 31AH,DSC 98
MATH 31BH,DSC 98
DSC 20,DSC 98
MATH 18,DSC 98
MATH 20C,DSC 98
DSC 40A,DSC 98
MATH 31AH,DSC 99
MATH 31BH,DSC 99
DSC 20,DSC 99
MATH 18,DSC 99
MATH 20C,DSC 99
DSC 40A,DSC 99
DSC 80,DSC 100
DSC 100,DSC 104
MATH 20C,DSC 120
MATH 18,DSC 120
MATH 31AH,DSC 120
ECON 120A,DSC 140A
DSC 80,DSC 140A
MATH 180A,DSC 140A
ECE 109,DSC 140A
DSC 40B,DSC 140A
MATH 183,DSC 140A
MAE 108,DSC 140A
MATH 102,DSC 155
MATH 180A,DSC 155
MATH 31AH,DSC 155
MATH 18,DSC 155
MATH 182,DSC 155
POLI 170A,DSC 161
POLI 171,DSC 161
ECON 5,DSC 161
DSC 161,DSC 161
DSC 102,DSC 180A
MATH 189,DSC 180A
DSC 106,DSC 180B
DSC 500,DSC 500
COMM 124A,DSGN 119
COGS 10,DSGN 119
DOC 1,DOC 2
DOC 2,DOC 3
MATH 10C,ECON 100A
ECON 1,ECON 100A
ECON 100B,ECON 101
ECON 1,ECON 102
ECON 102,ECON 102T
ECON 102,ECON 103
ECON 100B,ECON 106
ECON 2,ECON 107
MATH 10C,ECON 107
CSE 20,ECON 109
MATH 31CH,ECON 109
MATH 109,ECON 109
ECON 100C,ECON 109
ECON 109,ECON 109T
MATH 10C,ECON 110A
ECON 3,ECON 110A
ECON 1,ECON 110A
ECON 120B,ECON 112
ECON 110B,ECON 112
MATH 181B,ECON 112
MATH 140A,ECON 113
MATH 18,ECON 113
ECON 100C,ECON 113
MATH 142A,ECON 113
ECON 2,ECON 116
ECON 2,ECON 118
MATH 10A,ECON 118
ECON 2,ECON 119
MATH 10A,ECON 119
MATH 10C,ECON 120A
ECON 1,ECON 120A
ECON 120A,ECON 120B
MATH 180A,ECON 120B
ECE 109,ECON 120B
MATH 183,ECON 120B
MAE 108,ECON 120B
ECON 120B,ECON 120C
ECON 120B,ECON 122
MATH 18,ECON 122
MATH 181B,ECON 122
ECON 120B,ECON 125
ECON 2,ECON 130
ECON 2,ECON 131
ECON 2,ECON 132
ESYS 103,ECON 132
MATH 10C,ECON 132
ECON 1,ECON 132
ECON 100A,ECON 134
ECON 2,ECON 135
MATH 10A,ECON 135
ECON 100C,ECON 137
ECON 2,ECON 139
ECON 2,ECON 140
ECON 100C,ECON 143
ECON 2,ECON 144
ECON 2,ECON 145
ECON 2,ECON 147
ECON 120B,ECON 147
ECON 1,ECON 162
ECON 1,ECON 164
ECON 164,ECON 164T
ECON 1,ECON 165
ECON 165,ECON 165T
ECON 1,ECON 167
ECON 1,ECON 168
ECON 3,ECON 169
ECON 100A,ECON 171
ECON 120A,ECON 171
MATH 180A,ECON 171
ECE 109,ECON 171
MATH 183,ECON 171
ECON 100A,ECON 172A
ECON 120A,ECON 172A
MATH 186,ECON 172A
MATH 180A,ECON 172A
MATH 18,ECON 172A
ECE 109,ECON 172A
MATH 183,ECON 172A
ECON 172A,ECON 172B
ECON 120B,ECON 173A
MATH 18,ECON 173A
ECON 100A,ECON 173A
MATH 181B,ECON 173A
ECON 4,ECON 173B
MGT 4,ECON 173B
ECON 1,ECON 181
ECON 200A,ECON 200B
ECON 200B,ECON 200C
ECON 200A,ECON 204
ECON 200A,ECON 206
ECON 200A,ECON 208
ECON 210A,ECON 210B
ECON 210B,ECON 210C
ECON 210A,ECON 210D
ECON 210A,ECON 211
ECON 210A,ECON 213
ECON 210A,ECON 214
ECON 210A,ECON 215
ECON 210A,ECON 216
ECON 210A,ECON 217
ECON 220A,ECON 220B
ECON 220B,ECON 220C
ECON 220C,ECON 220D
ECON 220D,ECON 220E
ECON 220E,ECON 220F
ECON 220A,ECON 221
ECON 220A,ECON 225
ECON 220A,ECON 226
ECON 220A,ECON 227
ECON 220A,ECON 228
ECON 220A,ECON 230
ECON 200A,ECON 230
ECON 220A,ECON 231
ECON 200A,ECON 231
ECON 220A,ECON 232
ECON 200A,ECON 232
ECON 220C,ECON 260
ECON 200C,ECON 261
ECON 200A,ECON 262
ECON 200A,ECON 263
ECON 200A,ECON 265
ECON 200A,ECON 268
EDS 22,EDS 22S
PHYS 1B,EDS 105/PHYS 180
PHYS 4C,EDS 105/PHYS 180
PHYS 2C,EDS 105/PHYS 180
PHYS 1C,EDS 105/PHYS 180
PHYS 2A,EDS 105/PHYS 180
PHYS 2B,EDS 105/PHYS 180
PHYS 4A,EDS 105/PHYS 180
PHYS 1A,EDS 105/PHYS 180
PHYS 2D,EDS 105/PHYS 180
EDS 126,EDS 120
HILD 7B,EDS 120
POLI 100H,EDS 120
SOCI 127,EDS 120
ANTH 21,EDS 120
SOCI 139,EDS 120
ETHN 2,EDS 120
SOCI 126,EDS 120
POLI 108,EDS 120
HILD 7A,EDS 120
HILD 7C,EDS 120
EDS 117,EDS 120
LTCS 130,EDS 120
HITO 136,EDS 120
POLI 100O,EDS 120
EDS 112,EDS 120
EDS 113,EDS 120
ETHN 3,EDS 120
SOCI 117,EDS 120
DOC 1,EDS 120
POLI 100Q,EDS 120
EDS 136,EDS 120
ANTH 23,EDS 120
DOC 100D,EDS 120
USP 129,EDS 120
HITO 156,EDS 120
EDS 30/MATH 95,EDS 121A/MATH 121A
MATH 95,EDS 121A/MATH 121A
CHEM 87,EDS 122/CHEM 187
EDS 139,EDS 128 A-B
EDS 130,EDS 128 A-B
EDS 139,EDS 129 A-B-C
EDS 136,EDS 129 A-B-C
EDS 139,EDS 130
EDS 131,EDS 131
EDS 139,EDS 131
EDS 139,EDS 133
EDS 139,EDS 136
EDS 139,EDS 137
EDS 135,EDS 140
EDS 130,EDS 140
EDS 136,EDS 140
EDS 137,EDS 140
EDS 140,EDS 140
EDS 131,EDS 140
EDS 133,EDS 140
EDS 139,EDS 140
EDS 139,EDS 141
EDS 140,EDS 141
EDS 139,EDS 145
EDS 139,EDS 146
EDS 361B,EDS 342B
EDS 342A,EDS 342B
EDS 361A,EDS 342B
EDS 342A,EDS 342C
EDS 361A,EDS 342C
EDS 342B,EDS 342C
EDS 352A,EDS 352B
EDS 361A,EDS 355A
EDS 355A,EDS 355B
EDS 361B,EDS 355B
EDS 361C,EDS 355C
EDS 355C,EDS 355C
EDS 355B,EDS 355C
EDS 361A,EDS 361B
EDS 361B,EDS 361C
EDS 369A,EDS 369B
EDS 379A,EDS 379B
EDS 379B,EDS 379C
EDS 205A,EDS 205B
EDS 233A,EDS 233B
EDS 240A,EDS 240B
EDS 240A,EDS 240C
EDS 240B,EDS 240C
EDS 254,EDS 255
EDS 264,EDS 256
EDS 254,EDS 256
EDS 260A,EDS 260B
EDS 260B,EDS 260C
EDS 261A,EDS 261B
EDS 261B,EDS 261C
EDS 262A,EDS 262B
EDS 262B,EDS 262C
EDS 252,EDS 268
EDS 253,EDS 268
EDS 251,EDS 268
EDS 287A,EDS 287B
EDS 287A,EDS 287C
EDS 287B,EDS 287C
EDS 289A,EDS 289B
EDS 289B,EDS 289C
EDS 289C,EDS 289D
EDS 291A,EDS 291B
EDS 293A,EDS 293B
EDS 294A,EDS 294B
ERC 192A,ERC 192B
CAT 2,ENG 100A
HUM 2,ENG 100A
MCWP 50,ENG 100A
DOC 2,ENG 100A
WCWP 10B,ENG 100A
ENG 100A,ENG 100B
MCWP 40,ENG 100D
DOC 2,ENG 100D
HUM 2,ENG 100D
CAT 2,ENG 100D
ENG 100D,ENG 100L
ENG 201,ENG 207
ENG 202,ENG 207
ENG 203,ENG 207
BENG 1,BENG 100
MATH 31AH,BENG 100
MATH 20D,BENG 100
MATH 31BH,BENG 100
MATH 18,BENG 100
PHYS 2A,BENG 100
MATH 20C,BENG 100
BENG 120,BENG 102
MAE 101A,BENG 103B
CENG 101A,BENG 103B
BENG 112A,BENG 103B
PHYS 2C,BENG 110
MATH 31AH,BENG 110
MATH 20D,BENG 110
MATH 18,BENG 110
MATH 31CH,BENG 110
MATH 20E,BENG 110
BENG 110,BENG 112A
BENG 112A,BENG 112B
BENG 187B,BENG 119A
BENG 187C,BENG 119B
CHEM 6A,BENG 120
BENG 134,BENG 122A
MATH 31AH,BENG 123
MATH 20D,BENG 123
BENG 120,BENG 123
CHEM 40B,BENG 123
MATH 18,BENG 123
BENG 123,BENG 125
BENG 122A,BENG 125
BENG 187B,BENG 126A
BENG 126A,BENG 126B
BENG 187C,BENG 126B
BENG 187B,BENG 127A
BENG 127A,BENG 127B
BENG 187C,BENG 127B
BENG 187B,BENG 128A
BENG 128A,BENG 128B
BENG 187C,BENG 128B
BENG 187B,BENG 129A
BENG 129A,BENG 129B
BENG 187C,BENG 129B
MATH 20A,BENG 130
CHEM 6B,BENG 130
PHYS 2A,BENG 130
MATH 20D,BENG 133
MATH 18,BENG 134
MATH 31AH,BENG 134
BENG 100,BENG 134
MATH 20D,BENG 134
ECE 45,BENG 135
BENG 133,BENG 135
BENG 187B,BENG 139A
BENG 139A,BENG 139B
BENG 187C,BENG 139B
CHEM 6A,BENG 140A
BENG 102,BENG 140A
BILD 1,BENG 140A
PHYS 2A,BENG 140A
BENG 140A,BENG 140B
BENG 100,BENG 141
BENG 187B,BENG 147A
BENG 147A,BENG 147B
BENG 187C,BENG 147B
BENG 187B,BENG 148A
BENG 148A,BENG 148B
BENG 187C,BENG 148B
BENG 187B,BENG 149A
BENG 149A,BENG 149B
BENG 187C,BENG 149B
BENG 102,BENG 152
MAE 170,BENG 160
BICD 100,BENG 160
BENG 100,BENG 160
BENG 160,BENG 161A
BENG 123,BENG 161A
BENG 161A,BENG 161B
BENG 160,BENG 162
MAE 170,BENG 162
BENG 103B,BENG 166A
BENG 112B,BENG 166A
BENG 100,BENG 168
BILD 1,BENG 168
BENG 187B,BENG 169A
BENG 169A,BENG 169B
BENG 187C,BENG 169B
MAE 170,BENG 172
BENG 187B,BENG 179A
BENG 179A,BENG 179B
BENG 187C,BENG 179B
CHEM 114C,BENG/BIMM/CSE 181
CSE 101,BENG/BIMM/CSE 181
CSE 100,BENG/BIMM/CSE 181
BIMM 100,BENG/BIMM/CSE 181
CSE 100,BENG/BIMM/CSE/CHEM 182
CHEM 114C,BENG 183
BIMM 100,BENG 183
SE 182,BENG/BIMM/CSE/CHEM 184
BIMM 182,BENG/BIMM/CSE/CHEM 184
BIMM 181,BENG/BIMM/CSE/CHEM 184
SE 181,BENG/BIMM/CSE/CHEM 184
CSE 181,BENG/BIMM/CSE/CHEM 184
CSE 182,BENG/BIMM/CSE/CHEM 184
BENG 123,BENG 186A
BENG 112B,BENG 186A
ECE 35,BENG 186B
ECE 45,BENG 186B
MAE 170,BENG 186B
BENG 168,BENG 187A
BENG 152,BENG 187A
BENG 112A,BENG 187A
BENG 148A,BENG 187B
BENG 119A,BENG 187B
BENG 128A,BENG 187B
BENG 179A,BENG 187B
BENG 149A,BENG 187B
BENG 187A,BENG 187B
BENG 127A,BENG 187B
BENG 169A,BENG 187B
BENG 139A,BENG 187B
BENG 147A,BENG 187B
BENG 126A,BENG 187B
BENG 129A,BENG 187B
BENG 129B,BENG 187C
BENG 148B,BENG 187C
BENG 187B,BENG 187C
BENG 147B,BENG 187C
BENG 179B,BENG 187C
BENG 149B,BENG 187C
BENG 128B,BENG 187C
BENG 119B,BENG 187C
BENG 139B,BENG 187C
BENG 126B,BENG 187C
BENG 127B,BENG 187C
BENG 169B,BENG 187C
BENG 187C,BENG 187D
BENG 133,BENG 189
BIPN 102,BENG 193
BENG 140A,BENG 193
BENG 140B,BENG 193
BIPN 100,BENG 193
ENG 202,"BENG 203/CSE
				  283"
BENG 230A,BENG 211
BIMM 100,BENG 211
BENG 212,BENG 213
BENG 221,BENG 227
BENG 230A,BENG 230B
BENG 230B,BENG 230C
BENG 230C,BENG 230D
BIPN 100,BENG 230D
BENG 241A,BENG 241B
BENG 241A,BENG 241C
BENG 280A,BENG 278/RAD 278
MATH 283,BENG 285/BNFO 285/ECE 204
ECE 271A,BENG 285/BNFO 285/ECE 204
ECE 271B,BENG 285/BNFO 285/ECE 204
MATH 20A,CSE 4GS
MATH 10A,CSE 4GS
MATH 20A,CSE 6GS
MATH 10A,CSE 6GS
CSE 8A,CSE 8B
CSE 11,CSE 12
CSE 8B,CSE 12
CSE 15L,CSE 12
CSE 11,CSE 15L
CSE 8B,CSE 15L
CSE 12,CSE 15L
CSE 11,CSE 20
CSE 8B,CSE 20
MATH 15A,CSE 21
CSE 20,CSE 21
CSE 15L,CSE 30
CSE 12,CSE 30
CSE 8B,CSE 80
CSE 12,CSE 86
CSE 30,CSE 100
MATH 154,CSE 100
CSE 15L,CSE 100
CSE 12,CSE 100
ECE 15,CSE 100
CSE 21,CSE 100
CSE 5A,CSE 100
CSE 100,CSE 101
MATH 154,CSE 103
MATH 20A,CSE 103
CSE 21,CSE 103
MATH 103A,CSE 105
MATH 109,CSE 105
CSE 15L,CSE 105
CSE 12,CSE 105
CSE 20,CSE 105
MATH 184,CSE 105
MATH 15A,CSE 105
MATH 100A,CSE 105
CSE 21,CSE 105
MATH 154,CSE 106
MATH 31AH,CSE 106
MATH 31BH,CSE 106
MATH 18,CSE 106
MATH 20C,CSE 106
DSC 40B,CSE 106
CSE 21,CSE 106
MATH 154,CSE 107
CSE 101,CSE 107
SE 105,CSE 107
CSE 105,CSE 107
MATH 184,CSE 107
CSE 21,CSE 107
CSE 100,CSE 110
CSE 110,CSE 112
CSE 12,CSE 113
ECE 118,CSE 118
COGS 102C,CSE 118
ECE 111,CSE 118
SE 131,CSE 118
CSE 132B,CSE 118
CSE 131,CSE 118
ECE 191,CSE 118
COGS 121,CSE 118
COGS 184,CSE 118
CSE 101,CSE 120
CSE 30,CSE 120
CSE 110,CSE 120
CSE 101,CSE 123
CSE 30,CSE 123
CSE 110,CSE 123
CSE 101,CSE 124
CSE 30,CSE 124
CSE 110,CSE 124
MATH 154,CSE 127
CSE 120,CSE 127
CSE 123,CSE 127
CSE 124,CSE 127
SE 120,CSE 127
CSE 21,CSE 127
SE 105,CSE 130
CSE 105,CSE 130
CSE 100,CSE 130
CSE 12,CSE 130
CSE 130,CSE 131
SE 105,CSE 131
CSE 105,CSE 131
CSE 100,CSE 131
CSE 100,CSE 132A
CSE 132A,CSE 132B
CSE 100,CSE 134B
CSE 100,CSE 135
CSE 30,CSE 140
MATH 109,CSE 140
CSE 20,CSE 140
MATH 15A,CSE 140
CSE 140L,CSE 140
CSE 30,CSE 140L
MATH 109,CSE 140L
CSE 20,CSE 140L
CSE 140,CSE 140L
MATH 15A,CSE 140L
CSE 30,CSE 141
CSE 140L,CSE 141
CSE 140,CSE 141
CSE 141L,CSE 141
CSE 30,CSE 141L
CSE 140L,CSE 141L
CSE 140,CSE 141L
CSE 141,CSE 141L
CSE 140,CSE 143
CSE 141,CSE 148
CSE 141L,CSE 148
MATH 20A,CSE 150A
ECON 120A,CSE 150A
CSE 12,CSE 150A
CSE 15L,CSE 150A
DSC 80,CSE 150A
SE 103,CSE 150A
MATH 31AH,CSE 150A
MATH 18,CSE 150A
CSE 103,CSE 150A
ECE 109,CSE 150A
DSC 40B,CSE 150A
MATH 183,CSE 150A
ECON 120A,CSE 150B
CSE 12,CSE 150B
CSE 15L,CSE 150B
DSC 80,CSE 150B
SE 103,CSE 150B
CSE 103,CSE 150B
CSE 100,CSE 150B
ECE 109,CSE 150B
DSC 40B,CSE 150B
MATH 183,CSE 150B
ECON 120A,CSE 151A
CSE 12,CSE 151A
CSE 15L,CSE 151A
DSC 80,CSE 151A
SE 103,CSE 151A
MATH 31AH,CSE 151A
MATH 18,CSE 151A
CSE 103,CSE 151A
ECE 109,CSE 151A
DSC 40B,CSE 151A
MATH 183,CSE 151A
MATH 181A,CSE 151A
ECON 120A,CSE 151B
SE 103,CSE 151B
MATH 31BH,CSE 151B
CSE 103,CSE 151B
ECE 109,CSE 151B
MATH 20C,CSE 151B
MATH 183,CSE 151B
MATH 181A,CSE 151B
DSC 80,CSE 152
CSE 101,CSE 152
MATH 31AH,CSE 152
MATH 188,CSE 152
MATH 18,CSE 152
CSE 100,CSE 152
DSC 40B,CSE 152
DSC 30,CSE 152A
CSE 15L,CSE 152A
CSE 12,CSE 152A
DSC 80,CSE 152A
MATH 31AH,CSE 152A
MATH 18,CSE 152A
CSE 152,CSE 152B
SE 152,CSE 152B
CSE 152A,CSE 152B
MATH 31AH,CSE 156
MATH 31BH,CSE 156
MATH 18,CSE 156
MATH 20C,CSE 156
COGS 118A,CSE 156
SE 150,CSE 156
ECON 120A,CSE 158
CSE 12,CSE 158
CSE 15L,CSE 158
DSC 80,CSE 158
SE 103,CSE 158
CSE 103,CSE 158
ECE 109,CSE 158
DSC 40B,CSE 158
MATH 183,CSE 158
MATH 181A,CSE 158
CSE 100,CSE 160
CSE 167,CSE 163
SE 167,CSE 163
CSE 167,CSE 165
SE 167,CSE 165
DSC 80,CSE 166
MATH 31AH,CSE 166
MATH 18,CSE 166
CSE 100,CSE 166
DSC 40B,CSE 166
CSE 100,CSE 167
CSE 167,CSE 168
SE 167,CSE 168
CSE 167,CSE 169
SE 167,CSE 169
COGS 187A,CSE 170
CSE 11,CSE 170
CSE 8B,CSE 170
COGS 1,CSE 170
COGS 120,CSE 176A
CSE 110,CSE 176A
CSE 170,CSE 176A
CSE 8A,CSE 180R
BILD 4,CSE 180R
SE 7,CSE 180R
CSE 3,CSE 180R
SE 3,CSE 180R
BILD 1,CSE 180R
CSE 8B,CSE 180R
BIMM 181,CSE 181
CSE 101,CSE 181
SE 181,CSE 181
CSE 181,CSE 181
CSE 100,CSE 181
CHEM 114C,CSE 181
BIMM 100,CSE 181
CSE 100,CSE 182
SE 182,CSE 184
BIMM 182,CSE 184
BIMM 181,CSE 184
SE 181,CSE 184
CSE 181,CSE 184
CSE 182,CSE 184
BIEB 123,CSE 185
CSE 11,CSE 185
BILD 4,CSE 185
CSE 12,CSE 185
MATH 31BH,CSE 185
BILD 1,CSE 185
MATH 20C,CSE 185
BIMM 101,CSE 185
CSE 8B,CSE 185
SE 105,CSE 200
CSE 105,CSE 200
CSE 101,CSE 202
CSE 200,CSE 205A
SE 200,CSE 205A
SE 202,CSE 206A
CSE 202,CSE 206A
CSE 200,CSE 206A
SE 200,CSE 206A
SE 202,CSE 207
CSE 202,CSE 207
CSE 200,CSE 208
SE 200,CSE 208
SE 207,CSE 208
CSE 207,CSE 208
CSE 202,CSE 208
SE 202,CSE 208
CSE 100,CSE 210
SE 120,CSE 221
CSE 120,CSE 221
CSE 222A,CSE 222B
CSE 221,CSE 223B
SE 221,CSE 223B
CSE 222A,CSE 223B
CSE 221,CSE 227
SE 221,CSE 227
CSE 130,CSE 230
CSE 100,CSE 231
CSE 100,CSE 232
CSE 237A,CSE 237B
CSE 237A,CSE 237C
CSE 237A,CSE 237D
CSE 141,CSE 240A
ECE 111,"CSE 241A/ECE
		  260B"
CSE 140,"CSE 241A/ECE
		  260B"
ECE 260A,"CSE 241A/ECE
		  260B"
SE 165,"CSE 241A/ECE
		  260B"
CSE 165,"CSE 241A/ECE
		  260B"
MATH 20A,CSE 252A
MATH 20A,CSE 252B
SE 252,CSE 252C
CSE 250B,CSE 252C
SE 202,CSE 280A
CSE 202,CSE 280A
ENG 202,CSE 283/BENG 203
CSE 11,ECE 16
CSE 8B,ECE 16
CSE 11,ECE 17
CSE 8B,ECE 17
ECE 15,ECE 30
MATH 18,ECE 35
ECE 45,ECE 100
ECE 65,ECE 100
ECE 45,ECE 101
ECE 100,ECE 102
ECE 65,ECE 102
ECE 65,ECE 103
PHYS 2D,ECE 103
PHYS 4D,ECE 103
PHYS 2A,ECE 107
ECE 30,ECE 108
CSE 140,ECE 108
ECE 25,ECE 108
MATH 20A,ECE 109
MATH 31AH,ECE 109
MATH 20D,ECE 109
MATH 31BH,ECE 109
MATH 20C,ECE 109
ECE 25,ECE 111
ECE 16,ECE 115
ECE 35,ECE 118
CSE 30,ECE 118
ECE 30,ECE 118
MATH 20A,ECE 120
PHYS 2A,ECE 120
ECE 107,ECE 123
ECE 121B,ECE 124
ECE 35,ECE 128B
PHYS 2C,ECE 134
ECE 103,ECE 135A
ECE 135A,ECE 135B
CSE 11,ECE 140A
CSE 8B,ECE 140A
CSE 30,ECE 141A
CSE 11,ECE 144
CSE 8B,ECE 144
ECE 107,ECE 145AL-BL-CL
ECE 35,ECE 148
ECE 15,ECE 148
ECE 109,ECE 153
ECON 120A,ECE 155
BENG 122A,ECE 155
MATH 186,ECE 155
MATH 180A,ECE 155
ECE 101,ECE 155
MATH 180B,ECE 155
ECE 109,ECE 155
MATH 183,ECE 155
MAE 108,ECE 155
ECON 120A,ECE 157A
MATH 186,ECE 157A
MATH 180A,ECE 157A
MATH 180B,ECE 157A
ECE 109,ECE 157A
MATH 183,ECE 157A
MAE 108,ECE 157A
ECE 109,ECE 158A
ECE 158A,ECE 158B
ECE 161A,ECE 161B
ECE 101,ECE 163
ECE 102,ECE 164
ECE 163,ECE 164
ECE 102,ECE 166
ECE 45,ECE 171A
ECE 171A,ECE 171B
ECE 101,ECE 172A
ECE 109,ECE 172A
MATH 18,ECE 174
MATH 31AH,ECE 174
ECE 109,ECE 175A
MATH 18,ECE 176
MATH 31AH,ECE 176
ECE 143,ECE 176
ECE 103,ECE 181
ECE 103,ECE 182
ECE 103,ECE 183
ECE 182,ECE 184
ECE 183,ECE 185
MATH 20A,ECE 187
ECE 101,ECE 187
PHYS 2A,ECE 187
ECE 190,ECE 190
BENG 1,ECE 196
ECE 5,ECE 196
CSE 11,ECE 196
NANO 4,ECE 196
CENG 4,ECE 196
CSE 8B,ECE 196
MATH 283,ECE 204
ECE 271A,ECE 204
ECE 271B,ECE 204
ECE 271A,ECE 209
ECE 212AN,ECE 212BN
ECE 212BN,ECE 212CN
ECE 222A,ECE 222B
ECE 222B,ECE 222C
ECE 222C,ECE 222D
ECE 225A,ECE 225B
ECE 250,ECE 225B
ECE 271A,ECE 226
ECE 269,ECE 226
ECE 250,ECE 226
ECE 269,ECE 229
ECE 225A,ECE 229
ECE 230A,ECE 230B
ECE 230B,ECE 230C
ECE 230A,ECE 236A
ECE 236A,ECE 236B
ECE 236B,ECE 236C
ECE 240A,ECE 240B
ECE 240B,ECE 240C
ECE 241A,ECE 241B
ECE 241B,ECE 241C
ECE 251A,ECE 251B
ECE 251B,ECE 251B
ECE 251D,ECE 251D
ECE 251C,ECE 251D
ECE 252A,ECE 252B
ECE 255A,ECE 255B
ECE 255B,ECE 255C
ECE 250,ECE 255C
ECE 257B,ECE 257C
ECE 250,ECE 258A
ECE 258A,ECE 258B
ECE 259A,ECE 259B
ECE 259A,ECE 259C
ECE 260A,ECE 260B
ECE 260B,ECE 260C
ECE 264A,ECE 264B
ECE 264B,ECE 264C
ECE 264C,ECE 264D
ECE 166,ECE 265A
ECE 166,ECE 265B
ECE 265A,ECE 265B
ECE 265A,ECE 265C
ECE 265A,ECE 265D
ECE 271A,ECE 271B
ECE 271A,ECE 271C
ECE 269,ECE 272A
ECE 272A,ECE 272B
ECE 269,ECE 273
ECE 276A,ECE 276B
ECE 276B,ECE 276C
PHYS 2A,"MAE
		  03"
MATH 20A,MAE 08
CHEM 6A,MAE 11
PHYS 2C,MAE 11
CHEM 6AH,MAE 20
CHEM 6A,MAE 20
PHYS 2A,MAE 20
CHEM 6AH,MAE 21
CHEM 6A,MAE 21
MATH 20B,MAE 21
PHYS 2A,MAE 21
MATH 31BH,MAE 30A
PHYS 2A,MAE 30A
MATH 18,MAE 40
MATH 31AH,MAE 40
MATH 20D,MAE 40
MATH 20E,MAE 101A
MATH 31CH,MAE 101A
MATH 20D,MAE 101A
PHYS 2A,MAE 101A
MAE 11,MAE 101B
MAE 101A,MAE 101B
CENG 102,MAE 101B
CENG 101A,MAE 101B
MAE 101A,MAE 101C
CENG 101A,MAE 101C
MAE 101C,MAE 101D
MAE 101A,MAE 104
MATH 20D,MAE 105
PHYS 2A,MAE 105
MATH 18,MAE 107
MATH 18,MAE 108
MAE 11,MAE 110
CENG 102,MAE 113
CENG 101C,MAE 113
CENG 101A,MAE 113
MAE 101B,MAE 113
MAE 11,MAE 113
MAE 101A,MAE 113
MATH 20D,MAE 117A
MAE 101A,MAE 118
CENG 101A,MAE 118
MAE 101A,MAE 119
CENG 101A,MAE 119
MAE 101A,MAE 120
CENG 101A,MAE 120
MAE 101A,MAE 122
CENG 101A,MAE 122
MAE 170,MAE 126A
MAE 101A,MAE 126A
CENG 101A,MAE 126A
MAE 30B,MAE 130
MATH 18,MAE 130
MATH 31AH,MAE 130
MAE 30A,MAE 131A
MATH 20D,MAE 131A
SE 110A,MAE 131B
MAE 105,MAE 131B
MAE 131A,MAE 131B
SE 110A,MAE 133
MAE 131A,MAE 133
MAE 104,MAE 142
ECE 171A,MAE 142
MAE 143B,MAE 142
MATH 18,MAE 143A
MATH 20E,MAE 143A
MATH 20D,MAE 143A
MAE 143A,MAE 143B
MAE 143B,MAE 144
ECE 171A,MAE 144
BENG 122A,MAE 144
ECE 35,MAE 148
ECE 15,MAE 148
BENG 110,MAE 150
SE 101A,MAE 150
MAE 30A,MAE 150
MAE 107,MAE 150
MAE 21,MAE 155A
SE 104,MAE 155A
MAE 30B,MAE 155A
SE 160B,MAE 155A
MAE 104,MAE 155A
MAE 113,MAE 155B
MAE 155A,MAE 155B
MAE 142,MAE 155B
MAE 170,MAE 155B
MAE 170,MAE 156A
MAE 30B,MAE 156A
MAE 150,MAE 156A
MAE 131A,MAE 156A
MAE 101C,MAE 156B
MAE 143B,MAE 156B
MAE 131B,MAE 156B
MAE 160,MAE 156B
MAE 156A,MAE 156B
MAE 131A,MAE 160
SE 101A,MAE 160
MAE 30A,MAE 160
MAE 20,MAE 160
PHYS 2CL,MAE 170
PHYS 4B,MAE 170
PHYS 2C,MAE 170
MAE 170,MAE 171A
MAE 101A,MAE 171A
MAE 171A,MAE 171B
MAE 101C,MAE 175A
MAE 170,MAE 175A
CENG 101B,MAE 175A
MAE 143B,MAE 175A
MAE 209,MAE 210B
MAE 101A,MAE 210B
MAE 210A,MAE 210B
MAE 210A,MAE 210C
MAE 217A,MAE 217B
MAE 217A,MAE 217C
MAE 217A,MAE 218A
MAE 217A,MAE 218B
MAE 220A,MAE 220B
MAE 101A,MAE 221A
CENG 101A,MAE 221A
MAE 101A,MAE 221B
CENG 101A,MAE 221B
MAE 224A,MAE 224B
MAE 221A,MAE 225A
MAE 221A,MAE 225B
MAE 225A,MAE 225B
MAE 217A,MAE 228
MAE 209,MAE 231B
MAE 231A,MAE 231B
SE 271,MAE 231C
MAE 231A,MAE 231C
MAE 232A,MAE 232B
MAE 232B,MAE 232C
MAE 231A,MAE 233A
MAE 231B,MAE 233A
MAE 231A,MAE 233B
MAE 210A,MAE 255
MAE 210A,MAE 261
MAE 209,MAE 262
MAE 209,MAE 263
MAE 210A,MAE 263
MAE 209,MAE 264
MAE 210A,MAE 285
CENG 210A,MAE 285
MAE 210B,MAE 285
MAE 281A,MAE 286
MAE 280A,MAE 288B
MAE 289A,MAE 289B
MAE 289B,MAE 289C
MAE 290A,MAE 290B
MAE 210A,MAE 290C
MAE 290A,MAE 293
MAE 294A,MAE 294B
MAE 294B,MAE 294C
MDE 225A,MDE 225B
MDE 231A,MDE 231B
MDE 260A,MDE 260B
MDE 260B,MDE 260C
ENG 15,NANO 101
PHYS 2B,NANO 101
NANO 4,NANO 101
NANO 15R,NANO 101
CHEM 6B,NANO 101
MATH 20C,NANO 101
NANO 15,NANO 101
NANO 106,NANO 102
MATH 20D,NANO 102
NANO 101,NANO 102
CHEM 6C,NANO 102
PHYS 2D,NANO 102
NANO 101,NANO 104
MATH 20D,NANO 104
NANO 101,NANO 107
NANO 15,NANO 107
MATH 20D,NANO 107
MATH 20B,NANO 107
ENG 15,NANO 110
NANO 102,NANO 110
MATH 18,NANO 110
NANO 15,NANO 110
NANO 104,NANO 110
NANO 102,NANO 112
ENG 15,NANO 114
MATH 18,NANO 114
NANO 15,NANO 114
CHEM 6C,NANO 134
MATH 20C,NANO 141A
MATH 20D,NANO 141B
NANO 108,NANO 158
CHEM 6A,NANO 159
CHEM 6B,NANO 159
CHEM 6C,NANO 159
CHEM 7L,NANO 159
NANO 108,NANO 161
NANO 102,NANO 164
NANO 101,NANO 164
NANO 102,NANO 168
NANO 202,NANO 204
NANO 201,NANO 245
CENG 4,"CENG
		 100"
CHEM 6B,"CENG
		 100"
MATH 20D,CENG 101A
PHYS 2A,CENG 101A
MATH 20C,CENG 102
CHEM 6C,CENG 102
ENG 15,CENG 113
MATH 20D,CENG 113
ENG 15,CENG 114
MATH 18,CENG 114
ENG 15,"CENG
		 120"
CENG 113,"CENG
		 120"
NANO 15,"CENG
		 120"
CENG 101B,"CENG
		 120"
CENG 102,CENG 122
CENG 122,CENG 124A
CENG 113,CENG 124A
CHEM 6C,CENG 134
CENG 101B,CENG 157
CENG 101A,CENG 157
MAE 170,"CENG
		 176A"
CENG 122,"CENG
		 176A"
CENG 113,"CENG
		 176A"
MAE 101A,CENG 210A
CENG 212,CENG 214
MAE 101A,CENG 221A
CENG 101A,CENG 221A
MAE 101A,CENG 221B
CENG 101A,CENG 221B
MATH 20D,SE 9
MATH 20C,SE 101A
SE 101A,SE 101B
MATH 18,SE 101C
SE 101B,SE 101C
SE 101A,SE 102
SE 9,SE 102
SE 101A,SE 103
SE 104,SE 103
SE 9,SE 103
SE 101A,SE 104
SE 1,SE 104
SE 1,SE 105
SE 101A,SE 110A
MATH 20D,SE 110A
SE 110A,SE 110B
MAE 131A,SE 110B
MATH 20D,SE 115
PHYS 2A,SE 115
SE 102,SE 120
SE 101A,SE 121A
SE 9,SE 121A
SE 101C,SE 121B
MATH 18,SE 125
MATH 31AH,SE 125
MATH 20D,SE 125
SE 110A,SE 130A–B
MAE 131A,SE 130A–B
SE 121B,SE 131
SE 101C,SE 131
SE 131A,SE 131B
SE 101C,SE 131B
SE 131,SE 131B
SE 140A,SE 140B
SE 151A,SE 140B
SE 110A,SE 142
MAE 131A,SE 142
SE 142,SE 143A
SE 3,SE 143A
SE 103,SE 151A
SE 150,SE 152
SE 103,SE 154
SE 104L,SE 160A
MAE 21,SE 160A
SE 110A,SE 160A
MAE 131A,SE 160A
SE 105,SE 160A
SE 101B,SE 160A
MAE 30B,SE 160A
SE 160A,SE 160B
SE 110B,SE 163
SE 110A,SE 163
SE 101C,SE 164
SE 101C,SE 165
SE 101C,SE 167
SE 131A,SE 168
SE 101C,SE 168
SE 131,SE 168
MAE 131B,SE 171
SE 110B,SE 171
SE 110A,SE 171
MAE 131A,SE 171
SE 110A,SE 180
SE 110A,SE 181
MAE 131A,SE 181
SE 181,SE 182
SE 201A,SE 201B
SE 203,SE 205
SE 203,SE 206
SE 150,SE 212
SE 211,SE 213
SE 201A,SE 213
SE 151A,SE 214
SE 203,SE 221
SE 201A,SE 221
SE 241,SE 226
SE 203,SE 243
SE 200,SE 243
SE 253A,SE 253B
SE 253B,"SE
				  253C"
SE 253A,SE 254
SE 260A,SE 260B
SE 110A,SE 271
SE 271,SE 272
SE 271,SE 273
MAE 231A,SE 273
SE 272,SE 273
MAE 231B,SE 273
MAE 232A,SE 276C
MAE 231A,SE 276C
SE 276A,SE 276C
MAE 232A,SE 278A
SE 276A,SE 278A
MAE 232A,SE 279
SE 276A,SE 279
MAE 232A,SE 280
SE 276B,SE 280
SE 276A,SE 280
MAE 232A,SE 285
SE 233,SE 285
SE 276A,SE 285
BILD 1,ESYS 101
CHEM 6A,ESYS 102
PHYS 1A,ESYS 102
MATH 20A,ESYS 102
MATH 10A,ESYS 102
MATH 20B,ESYS 103
MATH 10A,ESYS 103
ESYS 103,ESYS 190A
ESYS 190A,ESYS 190B
ETHN 1,ETHN 100A
ETHN 2,ETHN 100A
ETHN 3,ETHN 100A
ETHN 100A,ETHN 100B
ETHN 100B,ETHN 100C
ETHN 100A,ETHN 100C
ETHN 100B,ETHN 100H
ETHN 100A,ETHN 100H
LTSP 50C,ETHN 135A
LTSP 50A,ETHN 135A
LTSP 50B,ETHN 135A
LTSP 50C,ETHN 135B
LTSP 50A,ETHN 135B
LTSP 50B,ETHN 135B
ETHN 100H,ETHN 196H
ETHN 100B,ETHN 196H
ETHN 100A,ETHN 196H
ETHN 214A,ETHN 214B
MATH 11,GLBH 102
PSYC 60,GLBH 102
FMPH 40,GLBH 102
GLBH 20,GLBH 102
COGS 14B,GLBH 102
GLBH 150A,GLBH 150B
GPIM 474,GPCO 463
GPCO 400,GPCO 466
GPPS 428,GPCO 466
GPEC 446,GPCO 468: Evaluating Technological Innovation (4)
GPCO 470,GPCO 471
GPCO 482,GPCO 483
GPCO 481,GPCO 483
GPCO 415,GPEC 406
GPCO 403,GPEC 406
GPCO 403,GPEC 409
GPCO 401,GPEC 409
GPCO 454,GPEC 446
GPCO 453,GPEC 446
GPCO 401,GPEC 451
GPCO 403,GPEC 462
GPCO 401,GPEC 462
GPEC 446,GPEC 464
GPCO 453,GPEC 464
GPCO 401,GPEC 471
GPCO 454,GPEC 488
GPCO 401,GPEC 488
GPCO 401,GPEC 489
GPCO 415,GPIM 440
GPCO 454,GPIM 472
GPCO 454,GPPA 410
GPCO 454,GPPA 430
GPCO 453,GPPA 430
GPCO 453,GPPA 435
GPCO 407,GPPA 460
GPCO 454,GPPS 435
GPCO 453,GPPS 435
GPCO 454,GPPS 456
GPEC 444,GPGN 494
LHCO 218,LHCO 298
MCWP 40,HITO 106
WCWP 10A,HITO 106
DOC 1,HITO 106
MMW 11,HITO 106
CAT 1,HITO 106
HUM 1,HITO 106
HIGR 241,HIGR 241
HIGR 238,HIGR 241
HIGR 274A,HIGR 274A
HIGR 274A,HIGR 274B
HIGR 274A,HIGR 274C
ANTH 2,HDS 111
HDS 181,HDS 150
BIEB 100,HDS 181
ECON 120A,HDS 181
MATH 11,HDS 181
PSYC 60,HDS 181
COGS 14B,HDS 181
HDS 181,HDS 191
HUM 1,HUM 3
HUM 2,HUM 3
INTL 101,INTL 190
INTL 101,INTL 190H
JAPN 20C,JAPN 135A
JAPN 135A,JAPN 135B
HITO 105,"JWSP
		  196A"
HITO 105,"JWSP
		  196B"
JWSP 103,"JWSP
		  196B"
LATI 122A,LATI 122B
LATI 122B,LATI 122C
LATI 50,LATI 150
LATI 50,LATI 180
LATI 50,LATI 190
LATI 50,LATI 191
LATI 50,LATI 199
LATI 222A,LATI 222B
LATI 222B,LATI 222C
LIGN 101,LIGN 110
LIGN 110,LIGN 112
LIGN 101,LIGN 113
LIGN 101,LIGN 120
LIGN 101,LIGN 121
LIGN 101,LIGN 130
LIGN 101,LIGN 139
LIGN 101,LIGN 141
LIGN 101,LIGN 143
LIGN 101,LIGN 148
LIGN 101,LIGN 150
LIGN 101,LIGN 160
LIGN 101,LIGN 170
LIGN 101,LIGN 171
LIGN 101,LIGN 175
LIGN 101,LIGN 177
LIGN 101,LIGN 178
LIGN 101,LIGN 179
LIGN 101,LIGN 180
LIGN 101,LIGN 181
LIGN 210,LIGN 214
LIGN 110,LIGN 240
MCWP 40,LTEN 30
WCWP 10A,LTEN 30
CAT 2,LTEN 30
MMW 12,LTEN 30
HUM 1,LTEN 30
DOC 2,LTEN 30
LTFR 2A,LTFR 2B
LTFR 2B,LTFR 2C
LTFR 2C,LTFR 50
LTFR 115,LTFR 121
LTFR 115,LTFR 122
LTFR 115,LTFR 123
LTFR 115,LTFR 124
LTFR 115,LTFR 125
LTFR 115,LTFR 141
LTFR 115,LTFR 142
LTFR 115,LTFR 143
LTFR 115,LTFR 164
LTGM 2A,LTGM 2B
LTGM 2B,LTGM 2C
LTGK 1,LTGK 2
LTGK 1,LTGK 3
LTGK 1,LTGK 102
LTGK 1,LTGK 103
LTGK 1,LTGK 104
LTGK 1,LTGK 105
LTIT 2A,LTIT 2B
LTIT 2A,LTIT 50
LTIT 50,LTIT 100
LTIT 100,LTIT 161
LTKO 1A,LTKO 1B
LTKO 1C,LTKO 2A-B-C
LTKO 3,LTKO 149
LTLA 1,LTLA 2
LTLA 2,LTLA 3
LTLA 3,LTLA 100
LTLA 1,LTLA 102
LTLA 1,"
LTLA 103"
LTLA 1,"
LTLA 104"
LTLA 1,"
LTLA 105"
LTRU 1A,LTRU 1B
LTRU 1B,LTRU 1C
LTRU 1C,LTRU 2A
LTRU 2A,LTRU 2B
LTRU 2B,LTRU 104A
LTRU 104A,"
				LTRU 104B"
LTRU 104A,LTRU 104C
LTSP 2A,LTSP 2B
LTSP 2B,LTSP 2C
LTSP 2D,LTSP 2E
LTSP 2C,LTSP 50A
LTSP 2C,LTSP 50B
LTSP 2C,LTSP 50C
LTSP 50A,LTSP 100
LTSP 50A,LTSP 116
LTSP 50A,LTSP 119C
LTSP 50A,LTSP 123
LTSP 50A,LTSP 129
LTSP 50A,LTSP 130A
LTSP 50A,LTSP 130B
LTSP 50A,LTSP 133
LTSP 50A,LTSP 134
LTSP 50A,LTSP 135A
LTSP 50A,LTSP 135B
LTSP 50A,LTSP 136
LTSP 50A,LTSP 137
LTSP 50A,LTSP 138
LTSP 50A,LTSP 140
LTSP 50A,LTSP 141
LTSP 50A,LTSP 142
LTSP 50A,LTSP 150A
LTSP 50A,LTSP 150B
LTSP 50A,LTSP 151
LTSP 50A,LTSP 154
LTSP 50A,LTSP 159
LTSP 50A,LTSP 160
LTSP 50A,LTSP 162
LTSP 50A,LTSP 166
LTSP 50A,LTSP 170
LTSP 50A,LTSP 171
LTSP 50A,LTSP 172
LTSP 50A,LTSP 174
LTSP 50A,LTSP 175
LTSP 50A,LTSP 176
LTSP 50A,LTSP 177
LTWR 194,LTWL 194A
LTWL 194,LTWL 194A
MCWP 40,LTWR 8A
WCWP 10A,LTWR 8A
CAT 2,LTWR 8A
MMW 12,LTWR 8A
HUM 1,LTWR 8A
DOC 2,LTWR 8A
MCWP 40,LTWR 8B
WCWP 10A,LTWR 8B
CAT 2,LTWR 8B
MMW 12,LTWR 8B
HUM 1,LTWR 8B
DOC 2,LTWR 8B
MCWP 40,LTWR 8C
WCWP 10A,LTWR 8C
CAT 2,LTWR 8C
MMW 12,LTWR 8C
HUM 1,LTWR 8C
DOC 2,LTWR 8C
LTWR 8A,LTWR 101
LTSP 50A,LTWR 101
LTWR 8A,LTWR 113
LTWR 8A,LTWR 114
LTWR 8A,LTWR 115
LTWR 8A,LTWR 119
LTWR 8A,LTWR 120
LTWR 8A, LTWR 124
LTWR 102,LTWR 129
LTWR 100,LTWR 129
MMW 12,MMW 12
MMW 13,MMW 13
MMW 12,MMW 13
MMW 14,MMW 14
MMW 13,MMW 14
MMW 12,MMW 14
MMW 15,MMW 15
MMW 13,MMW 15
MMW 12,MMW 15
MGT 103,MGT 109
MGT 103,MGT 112
MGT 181,MGT 112
MGT 187,MGT 112
MGT 181,MGT 121B
MGT 187,MGT 121B
MGT 121A,MGT 121B
MGT 5,MGT 131A
MGT 4,MGT 131A
MGT 5,MGT 137
MGT 4,MGT 137
MGT 131B,MGT 139
MGT 131B,MGT 143
MGT 132,MGT 146
MGT 131B,MGT 147
MGT 131B,MGT 149
BIEB 100,MGT 153
MGT 3,MGT 153
MATH 20A,MGT 153
ECON 120A,MGT 153
MATH 10A,MGT 153
MATH 11,MGT 153
MATH 180A,MGT 153
MATH 31AH,MGT 153
MATH 186,MGT 153
PSYC 60,MGT 153
MATH 18,MGT 153
BENG 100,MGT 153
COGS 14B,MGT 153
ECE 109,MGT 153
MATH 183,MGT 153
MATH 181A,MGT 153
MAE 108,MGT 153
MGT 153,MGT 154
MGT 181,MGT 157
MGT 153,MGT 177
MGT 3,MGT 181
MATH 20A,MGT 181
MGT 5,MGT 181
MATH 10A,MGT 181
ECON 4,MGT 181
MGT 4,MGT 181
MGT 45,MGT 181
MGT 181,MGT 183
MGT 187,MGT 183
MGT 181,MGT 184
MGT 187,MGT 184
MGT 181,MGT 185
MGT 187,MGT 185
ECON 173B,MGT 185
MGT 181,MGT 189
MGT 187,MGT 189
MGT 414A,MGT 414B
MGT 407,MGT 479
MGT 408,MGT 491
MGT 496A,MGT 496B
MGTF 402,MGTF 406
MGTF 402,MGTF 407
MGTF 402,MGTF 408
MGT 491,MGTF 432
MGTF 404,MGTF 490
MGTF 401,MGTF 490
MGTF 403,MGTF 490
MGTF 402,MGTF 490
MGTA 452,MGTA 401
MGTA 453,MGTA 401
MGTA 451,MGTA 401
MGTA 451,MGTA 452
MGTA 451,MGTA 453
MGTA 452,MGTA 454
MGTA 453,MGTA 454
MGTA 451,MGTA 454
MGTA 452,MGTA 454A
MGTA 453,MGTA 454A
MGTA 451,MGTA 454A
MGTA 454A,MGTA 454B
MGTA 452,MGTA 455
MGTA 453,MGTA 455
MGTA 451,MGTA 455
MGTA 452,MGTA 456
MGTA 453,MGTA 456
MGTA 451,MGTA 456
MGTA 452,MGTA 457
MGTA 453,MGTA 457
MGTA 451,MGTA 457
MGTA 452,MGTA 458
MGTA 453,MGTA 458
MGTA 451,MGTA 458
MGTA 452,MGTA 459
MGTA 453,MGTA 459
MGTA 451,MGTA 459
MGTA 452,MGTA 460
MGTA 453,MGTA 460
MGTA 451,MGTA 460
MGTP 432,MGTP 429
MGTP 434,MGTP 441
MGTP 434,MGTP 443
MGTP 424,MGTP 444
MGTP 434,MGTP 444
ECON 200A,MGT 225
MGT 208A,MGT 225
ECON 200A,MGT 226
ECON 200A,MGT 245
MGT 208A,MGT 245
ECON 200A,MGT 246
MGT 208A,MGT 246
ECON 220A,MGT 260
ECON 200A,MGT 260
ECON 220A,MGT 285
MGT 285,MGT 286
MGT 285,MGT 287
ECE 238A,MATS 201A
MAE 271A,MATS 201A
NANO 265,MATS 201A
ECE 238B,MATS 201B
MAE 271B,MATS 201B
MAE 271C,MATS 201C
MAE 272,MATS 205A
MAE 273A,MATS 213A
MAE 251,MATS 227
NANO 227,MATS 227
CHEM 222,MATS 227
MAE 276,MATS 231
MAE 253,MATS 236
MAE 265A,MATS 251A
ECE 221,MATS 251B
NANO 251A,MATS 251B
MAE 265B,MATS 251B
MAE 266,MATS 252
MAE 267,MATS 253
MAE 254,MATS 256
NANO 257,MATS 257
SE 251A,MATS 261A
SE 251B,MATS 261B
MATH 3C,MATH 4C
MATH 3C,MATH 10A
MATH 10A,MATH 10B
MATH 10B,MATH 10C
MATH 10B,MATH 11
CSE 11,MATH 15A
CSE 8B,MATH 15A
MATH 4C,MATH 18
MATH 20A,MATH 18
MATH 10A,MATH 18
MATH 4C,MATH 20A
MATH 10C,MATH 20B
MATH 20A,MATH 20B
MATH 10B,MATH 20B
MATH 20B,MATH 20C
MATH 20C,MATH 20D
MATH 31BH,MATH 20D
MATH 20C,MATH 20E
MATH 18,MATH 20E
MATH 31AH,MATH 20E
MATH 31BH,MATH 20E
MATH 31AH,MATH 31BH
MATH 31BH,MATH 31CH
MATH 31CH,MATH 100A
MATH 109,MATH 100A
MATH 100A,MATH 100B
MATH 100B,MATH 100C
MATH 20C,MATH 102
MATH 18,MATH 102
MATH 31AH,MATH 102
MATH 31CH,MATH 103A
MATH 109,MATH 103A
MATH 100A,MATH 103B
MATH 103A,MATH 103B
MATH 103B,MATH 104A
MATH 100B,MATH 104A
MATH 104A,MATH 104B
MATH 31CH,MATH 105
MATH 109,MATH 105
MATH 103B,MATH 106
MATH 100B,MATH 106
MATH 20C,MATH 109
MATH 18,MATH 109
MATH 31AH,MATH 109
MATH 31AH,MATH 110
MATH 20D,MATH 110
MATH 18,MATH 110
MATH 31CH,MATH 110
MATH 20E,MATH 110
MATH 109,MATH 111A
MATH 31AH,MATH 111A
MATH 20D,MATH 111A
MATH 18,MATH 111A
MATH 31CH,MATH 111A
MATH 111A,MATH 111B
MATH 11,MATH 112A
MATH 186,MATH 112A
MATH 180A,MATH 112A
MATH 31AH,MATH 112A
MATH 20D,MATH 112A
MATH 18,MATH 112A
BILD 1,MATH 112A
MATH 183,MATH 112A
MATH 180A,MATH 112B
MATH 112A,MATH 112B
MATH 110,MATH 112B
MATH 180A,MATH 114
MATH 31CH,MATH 120A
MATH 20E,MATH 120A
MATH 120A,MATH 120B
EDS 30/MATH 95,MATH 121A
MATH 95,MATH 121A
MATH 18,MATH 130
MATH 31AH,MATH 130
MATH 20D,MATH 130
MATH 31CH,MATH 140A
MATH 109,MATH 140A
MATH 140A,MATH 140B
MATH 140B,MATH 140C
MATH 31CH,MATH 142A
MATH 109,MATH 142A
MATH 140A,MATH 142B
MATH 142A,MATH 142B
MATH 142B,MATH 144
MATH 140B,MATH 144
MATH 142B,MATH 146
MATH 140B,MATH 146
MATH 142B,MATH 148
MATH 140B,MATH 148
MATH 18,MATH 150A
MATH 31AH,MATH 150A
MATH 20E,MATH 150A
MATH 150A,MATH 150B
MATH 18,MATH 152
MATH 31AH,MATH 152
MATH 20D,MATH 152
MATH 31CH,MATH 153
MATH 109,MATH 153
MATH 31CH,MATH 154
MATH 109,MATH 154
MATH 20C,MATH 155A
MATH 18,MATH 155A
MATH 31AH,MATH 155A
MATH 155A,MATH 155B
MATH 18,MATH 157
MATH 31AH,MATH 157
MATH 20D,MATH 157
MATH 31CH,MATH 158
MATH 109,MATH 158
MATH 140A,MATH 160A
MATH 100A,MATH 160A
MATH 103A,MATH 160A
MATH 160A,MATH 160B
MATH 20B,MATH 163
MATH 20C,MATH 168A
MATH 18,MATH 168A
MATH 31AH,MATH 168A
MATH 20C,MATH 170A
MATH 18,MATH 170A
MATH 31AH,MATH 170A
MATH 31BH,MATH 170A
MATH 20D,MATH 170C
MATH 170B,MATH 170C
MATH 20C,MATH 171A
MATH 18,MATH 171A
MATH 31AH,MATH 171A
MATH 171A,MATH 171B
MATH 20C,MATH 173A
MATH 31BH,MATH 173A
MATH 173A,MATH 173B
MATH 31AH,MATH 174
MATH 274,MATH 175
MATH 174,MATH 175
MATH 274,MATH 179
MATH 174,MATH 179
MATH 31BH,MATH 180A
MATH 109,MATH 180B
MATH 180A,MATH 180B
MATH 31AH,MATH 180B
MATH 20D,MATH 180B
MATH 18,MATH 180B
MATH 31CH,MATH 180B
MATH 180B,MATH 180C
MATH 20C,MATH 181A
MATH 18,MATH 181A
MATH 31AH,MATH 181A
MATH 180A,MATH 181A
MATH 181A,MATH 181B
MATH 181B,MATH 181C
ECON 120A,MATH 181D
MATH 186,MATH 181D
MATH 189,MATH 181D
MATH 181A,MATH 181D
MATH 183,MATH 181D
ECE 109,MATH 181D
MAE 108,MATH 181D
MATH 181B,MATH 181E
ECON 120A,MATH 181F
MATH 11,MATH 181F
MATH 186,MATH 181F
MATH 189,MATH 181F
MATH 181A,MATH 181F
MATH 183,MATH 181F
ECE 109,MATH 181F
MAE 108,MATH 181F
MATH 18,MATH 182
MATH 31AH,MATH 182
MATH 180A,MATH 182
MATH 20C,MATH 183
MATH 31BH,MATH 183
MATH 31CH,MATH 184
MATH 109,MATH 184
MATH 31AH,MATH 185
MATH 31BH,MATH 185
ECON 120B,MATH 185
MATH 18,MATH 185
MATH 181A,MATH 185
MATH 20C,MATH 185
MATH 20C,MATH 186
MATH 31BH,MATH 186
MATH 18,MATH 187B
MATH 31AH,MATH 187B
MATH 187A,MATH 187B
MATH 109,MATH 188
MATH 31AH,MATH 188
MATH 18,MATH 188
MATH 31CH,MATH 188
MATH 100A,MATH 188
SE 125,MATH 189
ECON 120A,MATH 189
SE 103,MATH 189
MATH 186,MATH 189
MATH 180A,MATH 189
MATH 31AH,MATH 189
MATH 18,MATH 189
CSE 103,MATH 189
ECE 109,MATH 189
MATH 20C,MATH 189
MATH 183,MATH 189
BENG 134,MATH 189
MAE 108,MATH 189
MATH 140A,MATH 190A
MATH 31CH,MATH 190A
MATH 142A,MATH 190A
MATH 190A,MATH 190B
MATH 180A,MATH 193A
MATH 183,MATH 193A
MATH 193A,MATH 193B
ECON 120A,MATH 194
MATH 180A,MATH 194
MATH 31AH,MATH 194
MATH 20D,MATH 194
MATH 18,MATH 194
MATH 202A,MATH 202B
MATH 202B,MATH 202C
MATH 203A,MATH 203B
MATH 203B,MATH 203C
MATH 204A,MATH 204B
MATH 204B,MATH 204C
MATH 206A,MATH 206B
MATH 20D,MATH 210A
MATH 210A,MATH 210B
MATH 210B,MATH 210C
MATH 212A,MATH 212B
MATH 140A,MATH 220A-B-C
MATH 221A,MATH 221B
MATH 210A,MATH 231A-B-C
MATH 237A,MATH 237B
MATH 140A,MATH 240A-B-C
MATH 245A,MATH 245B
MATH 245B,MATH 245C
MATH 247A,MATH 247B
MATH 257A,MATH 257B
MATH 260A,MATH 260B
MATH 262A,MATH 262B
MATH 267A,MATH 267B
MATH 270A,MATH 270B
MATH 270B,MATH 270C
MATH 272A,MATH 272B
MATH 272B,MATH 272C
MATH 273A,MATH 273B
MATH 273B,MATH 273C
MATH 31AH,MATH 274
MATH 20D,MATH 274
MATH 274,MATH 275
MATH 174,MATH 275
MATH 274,MATH 279
MATH 174,MATH 279
MATH 282A,MATH 282B
MATH 282A,MATH 284
MATH 280A,MATH 286
MATH 282A,MATH 287A
MATH 282A,MATH 287B
MATH 287A,MATH 287C
MATH 282A,MATH 287D
MATH 289A,MATH 289B
MATH 140A,MATH 290A-B-C
MATH 100A,MATH 290A-B-C
MATH 291A,MATH 291B
MATH 180A,MATH 294
MSED 296A,MSED 296B
MSED 296B,MSED 296C
MCWP 40,MCWP 50
MUS 32V,MUS 32VM
MUS 103A,MUS 103D-E-F
MUS 101A,MUS 105
MUS 4,MUS 112
MUS 4,MUS 113
MUS 101A,MUS 120A
MUS 1C,MUS 120A
MUS 101B,MUS 120B
MUS 120A,MUS 120B
MUS 101C,MUS 120C
MUS 120B,MUS 120C
MUS 2A-B-C,MUS 128
MUS 132V,MUS 132C
MUS 132,MUS 132R
MUS 2A-B-C,MUS 137A
MUS 137A,MUS 137B
MUS 137B,MUS 137C
MUS 137A,MUS 137D
MUS 137D,MUS 137E
MUS 137E,MUS 137F
MUS 127,MUS 150
MUS 126,MUS 150
ETHN 178,MUS 150
ETHN 179,MUS 150
VIS 145B,MUS 160A
VIS 147B,MUS 160A
MUS 172,MUS 160A
VIS 141B,MUS 160A
MUS 160A,MUS 160B
VIS 160A,MUS 160B
MUS 1A,MUS 170
MUS 171,MUS 172
MUS 170,MUS 174A
MUS 174A,MUS 174B
MUS 170,MUS 174B
MUS 174B,MUS 174C
MUS 170,MUS 174C
MUS 170,MUS 175
MUS 172,MUS 176
MUS 172,MUS 177
MUS 173,MUS 267
MUS 270A,MUS 270D
MUS 271A,MUS 271B
MUS 271B,MUS 271C
PSYC 231,NEU 243
MCWP 40,PHIL 27
WCWP 10A,PHIL 27
CAT 2,PHIL 27
HUM 1,PHIL 27
DOC 2,PHIL 27
PHIL 27,PHIL 28
PHIL 32,PHIL 106
PHIL 110,PHIL 111
PHIL 111,PHIL 112
PHIL 10,PHIL 120
PHIL 120,PHIL 122
PHIL 120,PHIL 123
PHIL 120,PHIL 124
MATH 10A,PHYS 1A
MATH 10B,PHYS 1A
PHYS 1A,PHYS 1AL
MATH 10A,PHYS 1AL
MATH 10B,PHYS 1AL
PHYS 1A,PHYS 1B
MATH 10B,PHYS 1B
PHYS 1A,PHYS 1BL
MATH 10B,PHYS 1BL
PHYS 1B,PHYS 1C
MATH 10B,PHYS 1C
PHYS 1B,PHYS 1CL
MATH 10B,PHYS 1CL
MATH 10A,PHYS 2A
MATH 20C,PHYS 2B
MATH 20B,PHYS 2B
PHYS 2A,PHYS 2B
PHYS 2B,PHYS 2BL
PHYS 2A,PHYS 2BL
MATH 20C,PHYS 2C
MATH 20D,PHYS 2C
PHYS 2A,PHYS 2C
PHYS 2B,PHYS 2C
PHYS 2A,PHYS 2CL
PHYS 2C,PHYS 2CL
MATH 20D,PHYS 2D
PHYS 2A,PHYS 2D
PHYS 2BL,PHYS 2DL
PHYS 2D,PHYS 2DL
MATH 20B,PHYS 4A
MATH 20A,PHYS 4A
MATH 20C,PHYS 4B
MATH 20B,PHYS 4B
PHYS 2A,PHYS 4B
MATH 20C,PHYS 4C
MATH 20E,PHYS 4C
PHYS 2A,PHYS 4C
MATH 20A,PHYS 4D
PHYS 2A,PHYS 4D
MATH 20A,PHYS 4E
PHYS 2A,PHYS 4E
MATH 10A,PHYS 11
MATH 10B,PHYS 11
MCWP 40,PHYS 30
WCWP 10A,PHYS 30
CAT 2,PHYS 30
CAT 3,PHYS 30
HUM 2,PHYS 30
MMW 12,PHYS 30
DOC 3,PHYS 30
MMW 13,PHYS 30
HUM 1,PHYS 30
MCWP 50,PHYS 30
DOC 2,PHYS 30
MATH 20A,PHYS 100A
PHYS 2A,PHYS 100A
PHYS 100A,PHYS 100B
MATH 20A,PHYS 100B
PHYS 2B,PHYS 105A
MATH 20A,PHYS 105A
MATH 20A,PHYS 105B
PHYS 105A,PHYS 105B
MATH 20A,PHYS 110A
PHYS 2A,PHYS 110A
PHYS 110A,PHYS 110B
MATH 20A,PHYS 110B
MATH 20A,PHYS 111
PHYS 2A,PHYS 111
PHYS 100B,PHYS 116
PHYS 2A,PHYS 120
PHYS 2D,PHYS 130A
PHYS 100B,PHYS 130B
PHYS 2CL,PHYS 133
PHYS 100A,PHYS 137
MATH 20A,PHYS 139
PHYS 2A,PHYS 139
PHYS 130A,PHYS 140A
PHYS 130B,PHYS 140B
PHYS 130A,PHYS 152A
CHEM 130,PHYS 152A
PHYS 2A,PHYS 160
PHYS 2A,PHYS 161
PHYS 2A,PHYS 162
PHYS 2A,PHYS 163
PHYS 160,PHYS 164
PHYS 2A,PHYS 164
PHYS 1B,PHYS 170
PHYS 120,PHYS 173
BILD 1,PHYS 173
PHYS 100A,PHYS 175
CHEM 132,PHYS 175
PHYS 140A,PHYS 176
PHYS 2A,PHYS 191
PHYS 200A,PHYS 210A
PHYS 210A,PHYS 211B
PHYS 212A,PHYS 212C
PHYS 215A,PHYS 215C
PHYS 259A,PHYS 259B
PHYS 270A,PHYS 270B
MCWP 40,POLI 27
WCWP 10A,POLI 27
CAT 2,POLI 27
HUM 1,POLI 27
DOC 2,POLI 27
POLI 104A,POLI 104F
POLI 104A,POLI 104J
ECON 5,POLI 171
ECON 5,POLI 172
POLI 203A,POLI 203B
POLI 200C,POLI 227
POLI 270,POLI 260
POLI 271,POLI 260
POLI 204B,POLI 260
PSYC 60,PSYC 70
COGS 14B,PSYC 81
PSYC 111A,PSYC 111B
PSYC 108,PSYC 113
PSYC 70,PSYC 113
COGS 107B,PSYC 113
COGS 107A,PSYC 113
COGS 107C,PSYC 113
PSYC 60,PSYC 113
COGS 14A,PSYC 113
COGS 101A,PSYC 113
PSYC 102,PSYC 113
COGS 14B,PSYC 113
PSYC 106,PSYC 113
PSYC 60,PSYC 115A
PSYC 115A,PSYC 115B
PSYC 121,PSYC 120
PSYC 100,PSYC 126
PSYC 124,PSYC 126
PSYC 2,PSYC 133
PSYC 106,PSYC 133
BILD 1,PSYC 133
PSYC 101,PSYC 136
PSYC 102,PSYC 150
PSYC 101,PSYC 156
PSYC 2,PSYC 171
PSYC 70,PSYC 175
MATH 11,PSYC 175
PSYC 60,PSYC 175
COGS 14A,PSYC 175
COGS 14B,PSYC 175
PSYC 102,PSYC 189
BILD 2,PSYC 189
PSYC 110,PSYC 194A
PSYC 111A,PSYC 194A
PSYC 194A,PSYC 194B
PSYC 194B,PSYC 194C
FMPH 40,FMPH 101
PSYC 60,FMPH 101
COGS 14B,FMPH 101
MATH 11,FMPH 101
FMPH 40,FMPH 102
PSYC 60,FMPH 102
COGS 14B,FMPH 102
MATH 11,FMPH 102
FMPH 40,FMPH 110
FMPH 40,FMPH 120
FMPH 50,FMPH 130
FMPH 101,FMPH 130
FMPH 40,FMPH 155
FMPH 40,FMPH 161
FMPH 101,FMPH 171
FMPH 40,FMPH 171
FMPH 40,FMPH 191
FMPH 50,FMPH 193
FMPH 110,FMPH 193
FMPH 101,FMPH 193
FMPH 40,FMPH 193
FMPH 102,FMPH 193
FMPH 50,FMPH 194
FMPH 110,FMPH 194
FMPH 101,FMPH 194
FMPH 40,FMPH 194
FMPH 102,FMPH 194
FMPH 193,FMPH 194
FMPH 120,FMPH 194
FMPH 50,FMPH 196A
FMPH 110,FMPH 196A
FMPH 101,FMPH 196A
FMPH 40,FMPH 196A
FMPH 102,FMPH 196A
FMPH 196A,FMPH 196B
FMPH 196B,FMPH 196C
FMPH 221,FMPH 222
MATH 282A,FMPH 222
MATH 281A,FMPH 222
MATH 281A,FMPH 223
MATH 281B,FMPH 223
MATH 282A,FMPH 223
FMPH 222,FMPH 223
MATH 282B,FMPH 223
FMPH 221,FMPH 224
FMPH 222,FMPH 224
FMPH 221,FMPH 225
FMPH 222,FMPH 225
FMPH 223,FMPH 225
FMPH 221,FMPH 226
FMPH 222,FMPH 226
FMPH 223,FMPH 226
FMPH 221,FMPH 227
FMPH 222,FMPH 227
FMPH 221,FMPH 241
FMPH 222,FMPH 241
FMPH 221,FMPH 242
FMPH 222,FMPH 242
FMPH 244A,FMPH 244B
FMPH 402,FMPH 411
FMPH 400,FMPH 495
FMPH 400,FMPH 496
FPM 244,FPM 231
RELI 101,RELI 189
RELI 101,RELI 196AH
ANTH 268,"ANTH 269, COGR 225D, HIGR 241, PHIL 209D, SOCG 255D"
COGR 225A,"ANTH 269, COGR 225D, HIGR 241, PHIL 209D, SOCG 255D"
HIGR 238,"ANTH 269, COGR 225D, HIGR 241, PHIL 209D, SOCG 255D"
SOCG 255A,"ANTH 269, COGR 225D, HIGR 241, PHIL 209D, SOCG 255D"
PHIL 209A,"ANTH 269, COGR 225D, HIGR 241, PHIL 209D, SOCG 255D"
SOCI 100,SOCI 100
SOCI 60,SOCI 102
SOCI 60,SOCI 103M
SOCI 103M,SOCI 103M
SOCI 104,SOCI 104
SOCI 60,SOCI 104
SOCI 104Q,SOCI 104Q
SOCI 105,SOCI 105
SOCG 227,SOCI 105
SOCI 106,SOCI 106
SOCI 60,SOCI 106
SOCI 106M,SOCI 106M
SOCI 178,SOCI 106M
SOCI 60,SOCI 106M
SOCI 107,SOCI 107
SOCI 60,SOCI 107
SOCI 108,SOCI 108
SOCI 60,SOCI 108
SOCI 109,SOCI 109
SOCI 60,SOCI 109
SOCI 110,SOCI 110
SOCI 60,SOCI 110
SOCI 112,SOCI 112
SOCI 113,SOCI 113
SOCI 115,SOCI 115
SOCI 116,SOCI 116
SOCI 117,SOCI 117
SOCI 118,SOCI 118
SOCI 118E,SOCI 118E
SOCI 119,SOCI 119
SOCI 121,SOCI 121
SOCI 125,SOCI 125
SOCI 126,SOCI 126
SOCI 127,SOCI 127
SOCI 129,SOCI 129
SOCI 130,SOCI 130
SOCI 131,SOCI 131
SOCI 132,SOCI 132
SOCI 133,SOCI 133
SOCI 134,SOCI 134
SOCI 135,SOCI 135
SOCI 136E,SOCI 136E
SOCI 136F,SOCI 136F
SOCI 137,SOCI 137
SOCI 138,SOCI 138
SOCI 139,SOCI 139
SOCI 140,SOCI 140
SOCI 140F,SOCI 140F
SOCI 141,SOCI 141
SOCI 142,SOCI 142
SOCI 143,SOCI 143
SOCI 144,SOCI 144
SOCI 145,SOCI 145
SOCI 147,SOCI 147
SOCI 148,SOCI 148
SOCI 148E,SOCI 148E
SOCI 150,SOCI 150
SOCI 152,SOCI 152
SOCI 153,SOCI 153
SOCI 154,SOCI 154
SOCI 155,SOCI 155
SOCI 156,SOCI 156
SOCI 157,SOCI 157
SOCI 158,SOCI 158
SOCI 160,SOCI 160
SOCI 160E,SOCI 160E
SOCI 161,SOCI 161
SOCI 163,SOCI 163
SOCI 165A,SOCI 165A
SOCI 166,SOCI 166
SOCI 167,SOCI 167
SOCI 168E,SOCI 168E
SOCI 169,SOCI 169
SOCI 172,SOCI 172
SOCI 175,SOCI 175
SOCI 177,SOCI 177
SOCI 178,SOCI 178
SOCI 179,SOCI 179
SOCI 180,SOCI 180
SOCI 181,SOCI 181
SOCI 182,SOCI 182
SOCI 183,SOCI 183
SOCI 184,SOCI 184
SOCI 185,SOCI 185
SOCI 187,SOCI 187
SOCI 187E,SOCI 187E
SOCI 188D,SOCI 188D
SOCI 188E,SOCI 188E
SOCI 188F,SOCI 188F
SOCI 188G,SOCI 188G
SOCI 188J,SOCI 188J
SOCI 188K,SOCI 188K
SOCI 194,SOCI 194
SOCG 208A,SOCG 208B
SOCI 1,SOCG 227
SOCI 2,SOCG 227
SOCG 255A,SOCG 255D
SOCG 255D,SOCG 255D
SYN 1,SYN 2
SYN 1,SYN 100
TDAC 1,TDAC 101
TDAC 103A,TDAC 103B
TDAC 1,TDAC 109
TDAC 101,TDAC 111
TDDE 1,TDDE 101
TDDE 101,TDDE 102
TDDE 1,TDDE 102
TDDE 111,TDDE 112
TDDE 1,TDDE 112
TDDE 1,TDDE 121
TDDE 1,TDDE 130
TDDE 1,TDDE 131
TDDE 131,TDDE 132
TDDE 121,TDDE 132
TDDE 101,TDDE 132
TDDE 1,TDDE 132
TDPR 6,TDDE 141
MUS 173,TDDE 141
TDDE 1,TDDE 141
TDDE 141,TDDE 142
TDDE 1,TDDE 142
TDDR 108,TDDR 111
TDDR 111,TDDR 190
TDDR 108,TDDR 190
TDDR 101,TDDR 191
TDPR 104,TDDR 191
TDDM 1,TDDM 100
TDDM 1,TDDM 101
TDGE 5,TDGE 105
TDDE 1,TDGE 133
TDGE 196A,TDGE 196B
TDTR 10,TDHD 20
TDTR 10,TDHD 21
TDTR 10,TDHD 175
TDTR 10,TDHD 176
TDMV 1,TDMV 110
TDMV 110,TDMV 111
TDMV 111,TDMV 112
TDMV 2,TDMV 120
TDMV 120,TDMV 122
TDMV 3,TDMV 130
TDMV 130,TDMV 133
TDMV 143,TDMV 141
TDMV 142,TDMV 141
TDMV 144,TDMV 141
TDMV 138,TDMV 149
TDMV 110,TDPF 160
TDMV 111,TDPF 161
TDMV 112,TDPF 161
TDMV 120,TDPF 161
TDMV 130,TDPF 161
TDMV 122,TDPF 161
TDMV 110,TDPF 161
TDMV 111,TDPF 162
TDMV 112,TDPF 162
TDMV 120,TDPF 162
TDMV 130,TDPF 162
TDMV 122,TDPF 162
TDMV 110,TDPF 162
TDPF 161,TDPF 163
TDPF 160,TDPF 163
TDDR 101,TDPR 104
TDPW 1,TDPW 101
TDPW 101,TDPW 102
TDPW 1,TDPW 190
TDGR 204A,TDGR 204B
TDGR 204B,TDGR 204C
TDGR 210A,TDGR 210B
TDGR 210B,TDGR 210C
TDGR 211B,"TDGR
                  211C"
TDGR 214B,TDGR 214C
TDGR 220A,"TDGR
                  220B"
TDGR 270A,TDGR 270C
TDGR 270B,TDGR 270C
TDGR 280A,TDGR 280B
TDGR 280A,TDGR 280C
TDGR 280B,TDGR 280C
DOC 3,TMC 198
DOC 2,TMC 198
ECON 2,USP 102
MATH 10A,USP 102
COMM 10,USP 114
USP 142A,USP 142B
USP 159A,USP 159B
USP 124,USP 169
USP 177A,USP 177B
USP 124,USP 185A
USP 151,USP 185A
USP 153,USP 185A
USP 124,USP 186
USP 186,USP 190
USP 187,USP 190
USP 4,USP 191
VIS 23,VIS 112
VIS 20,VIS 122D
VIS 112,VIS 129A–F
VIS 112,VIS 129A
VIS 113AN,VIS 129A
VIS 112,VIS 129B
VIS 113AN,VIS 129B
VIS 112,VIS 129C
VIS 113AN,VIS 129C
VIS 112,VIS 129E
VIS 113AN,VIS 129E
VIS 112,VIS 129F
VIS 113AN,VIS 129F
VIS 41,VIS 133A
VIS 30,VIS 133A
VIS 30,VIS 135
VIS 30,VIS 136A
VIS 142,VIS 141A
CSE 11,VIS 141A
CSE 8B,VIS 141A
VIS 141A,VIS 141B
VIS 142,VIS 143
CSE 11,VIS 143
VIS 142,VIS 145A
VIS 145A,VIS 145B
VIS 70N,VIS 147A
VIS 41,VIS 147A
VIS 80,VIS 147A
VIS 147A,VIS 147B
VIS 84,VIS 150A
VIS 22,VIS 150A
VIS 70N,VIS 151A
VIS 22,VIS 151A
VIS 145B,VIS 160A
VIS 147B,VIS 160A
MUS 172,VIS 160A
VIS 141B,VIS 160A
MUS 160A,VIS 160B
VIS 160A,VIS 160B
VIS 60,VIS 164
VIS 60,VIS 165
VIS 165,VIS 167
VIS 164,VIS 167
VIS 165,VIS 168
VIS 164,VIS 168
VIS 174,VIS 171
VIS 174,VIS 172
VIS 70N,VIS 174
VIS 174,VIS 175
VIS 174,VIS 176
VIS 174,VIS 177
VIS 174,VIS 178
VIS 174,VIS 179
VIS 174,VIS 180A
VIS 164,VIS 180A
VIS 174,VIS 180B
VIS 164,VIS 180B
VIS 174,VIS 181
VIS 164,VIS 181
VIS 174,VIS 182
VIS 164,VIS 182
VIS 174,VIS 183A
VIS 164,VIS 183A
VIS 174,VIS 183B
VIS 164,VIS 183B
VIS 174,VIS 184
VIS 164,VIS 184
VIS 174,VIS 185
VIS 164,VIS 185
VIS 100,VIS 190
VIS 135,VIS 190
WCWP 10A,WCWP 10B
